iter	MultiClass
0	1.096073554
1	1.095040349
2	1.094037102
3	1.093082433
4	1.090611046
